no_pret;fonds;vm_courus;solde_capital;taux_hyp;date maturity;frequence;versement;assurance;type;credit_rating;devise;maturity;month_first_cf;fx_rate_bop;fx_rate_eop;Portefeuille;OwnAsset group;ESCAP group
1382092;10012503;9094174.84;9082216.13;0.03181;2025-07-15;12;40688.18;CMHC;mortgage;9;CAD;1;1;1.0;1.0;10012503;FAUX;CA_TPM
1414937;21012501;6144131.2112128;6189801.04;0.024399999999999998;2026-06-16;12;24793.94;CMHC;mortgage;9;CAD;12;1;1.0;1.0;21012501;FAUX;EXCLUDED
1426162;FU031ZA;997321.0668987;1018025.76;0.0258;2027-01-01;12;5123.22;Uninsured;mortgage;9;CAD;19;1;1.0;1.0;FU031ZA;FAUX;EXCLUDED
1649474;21012501;3600061.9163609;3631094.53;0.01026;2025-11-01;12;13526.36;CMHC;mortgage;9;CAD;5;1;1.0;1.0;21012501;FAUX;EXCLUDED
1649524;23012501;1255608.1010848;1276507.39;0.0147;2026-06-01;12;5928.21;CMHC;mortgage;9;CAD;12;1;1.0;1.0;23012501;FAUX;CA_SMI
32718;10072504;905452.7054798;894262.56;0.047670000000000004;2028-01-01;12;4678.75;Uninsured;mortgage;9;CAD;31;1;1.0;1.0;10072504;FAUX;CA_PAR_IA
32718;FU031ZA;1592087.6563156;1572411.66;0.047670000000000004;2028-01-01;12;8226.8;Uninsured;mortgage;9;CAD;31;1;1.0;1.0;FU031ZA;FAUX;EXCLUDED
33238;FU031ZA;644577.2742695;645331.23;0.04575;2030-04-01;12;3611.72;Uninsured;mortgage;9;CAD;58;1;1.0;1.0;FU031ZA;FAUX;EXCLUDED
5832043;10012503;7449728.9612259;7188670.54;0.04622;2028-07-15;12;37940.08;CMHC;mortgage;9;CAD;37;1;1.0;1.0;10012503;FAUX;CA_TPM
5837240;10112501;1564074.9128223;1490019.74;0.054720000000000005;2028-02-02;12;17979.51;CMHC;mortgage;9;CAD;32;1;1.0;1.0;10112501;FAUX;CA_TPM
5837349;10012503;5820328.4993995;5553261.58;0.04708999999999999;2032-04-01;12;50959.56;CMHC;mortgage;9;CAD;82;1;1.0;1.0;10012503;FAUX;CA_TPM
5837711;10012503;550643.3564174;539798.64;0.04954;2027-05-01;12;24637.53;CMHC;mortgage;9;CAD;23;1;1.0;1.0;10012503;FAUX;CA_TPM
5838529;FU031ZA;471793.8470504;459572.43;0.05541;2026-07-01;12;5874.65;CMHC;mortgage;9;CAD;13;1;1.0;1.0;FU031ZA;FAUX;EXCLUDED
5841093;10072504;223878.0669024;225583.58;0.02632;2025-12-18;12;1011.19;Uninsured;mortgage;9;CAD;6;1;1.0;1.0;10072504;FAUX;CA_PAR_IA
5841119;10012501;427655.2265121;430453.63;0.02391;2025-12-16;12;2212.78;Uninsured;mortgage;9;CAD;6;1;1.0;1.0;10012501;FAUX;CA_TPM
5841143;10042504;4274890.1724752;4304187.08;0.023319999999999997;2025-12-01;12;22004.14;Uninsured;mortgage;9;CAD;6;1;1.0;1.0;10042504;FAUX;EXCLUDED
5870522;10072504;217605.9442831;218712.69;0.027200000000000002;2025-10-15;12;1166.31;Uninsured;mortgage;9;CAD;4;1;1.0;1.0;10072504;FAUX;CA_PAR_IA
5870654;FU031ZA;1305959.5133994;1317767.37;0.02717;2026-04-01;12;6898.73;Uninsured;mortgage;9;CAD;10;1;1.0;1.0;FU031ZA;FAUX;EXCLUDED
7547375;10242501;5660565.6424374;5904563.24;0.0313;2026-11-15;12;27399.15;Uninsured;mortgage;9;USD;17;1;1.374950000001;1.3645;10242501;FAUX;EXCLUDED
8007874;10012503;1394804.3291649;1339856.94;0.05221;2029-10-01;12;28812.67;CMHC;mortgage;9;CAD;52;1;1.0;1.0;10012503;FAUX;CA_TPM
1281450;10012503;8417323.7823058;8071366.52;0.04936;2037-05-05;12;74572.32;CMHC;mortgage;9;CAD;143;1;1.0;1.0;10012503;FAUX;CA_TPM
1598093;10012503;82163.823804;81821.55;0.04719;2025-08-15;12;739.6;CMHC;mortgage;9;CAD;2;1;1.0;1.0;10012503;FAUX;CA_TPM
1621036;10012501;286152.623664;290400.0;0.02997;2027-01-05;12;720.79;Uninsured;mortgage;9;CAD;19;1;1.0;1.0;10012501;FAUX;CA_TPM
1621036;FU031ZA;429228.925496;435600.0;0.02997;2027-01-05;12;1081.18;Uninsured;mortgage;9;CAD;19;1;1.0;1.0;FU031ZA;FAUX;EXCLUDED
1621135;10062504;71183.4208784;72240.0;0.02997;2027-01-05;12;179.3;Uninsured;mortgage;9;CAD;19;1;1.0;1.0;10062504;FAUX;EXCLUDED
32826;10042504;793933.4895445;845807.46;0.05727;2030-03-01;12;5299.33;Uninsured;mortgage;9;CAD;57;1;1.0;1.0;10042504;FAUX;EXCLUDED
5833884;10012503;1431547.3412262;1381382.11;0.04622;2028-07-15;12;7290.61;CMHC;mortgage;9;CAD;37;1;1.0;1.0;10012503;FAUX;CA_TPM
5837828;10012503;11109370.7440482;10441727.15;0.04956000000000001;2032-06-10;12;75559.15;CMHC;mortgage;9;CAD;84;1;1.0;1.0;10012503;FAUX;CA_TPM
5840939;19012501;750113.5186979;744947.34;0.05075;2026-02-01;12;4394.11;Uninsured;mortgage;9;CAD;8;1;1.0;1.0;19012501;FAUX;EXCLUDED
5841085;10012501;2629853.7687214;2649846.68;0.02635;2025-12-18;12;11882.1;Uninsured;mortgage;9;CAD;6;1;1.0;1.0;10012501;FAUX;CA_TPM
5841135;21012501;4358722.2096234;4398889.29;0.0125;2025-12-01;12;12760.67;CMHC;mortgage;9;CAD;6;1;1.0;1.0;21012501;FAUX;EXCLUDED
5841309;FU031ZA;597712.2733691;595910.57;0.0499;2025-08-15;12;3323.84;Uninsured;mortgage;9;CAD;2;1;1.0;1.0;FU031ZA;FAUX;EXCLUDED
7547060;10012504;3202207.9686667;3254981.43;0.028999999999999998;2026-01-15;12;17515.61;Uninsured;mortgage;9;USD;7;1;1.374950000001;1.3645;10012504;FAUX;CA_TPM
8005118;10012503;17371069.3762164;16572757.61;0.04974;2035-06-01;12;174037.72;CMHC;mortgage;9;CAD;120;1;1.0;1.0;10012503;FAUX;CA_TPM
1363647;10012503;5847436.6117382;5765672.8;0.039420000000000004;2027-08-16;12;27723.83;CMHC;mortgage;9;CAD;26;1;1.0;1.0;10012503;FAUX;CA_TPM
1414853;FU031ZA;499778.8728228;489587.93;0.04929;2027-10-01;12;3316.07;Uninsured;mortgage;9;CAD;28;1;1.0;1.0;FU031ZA;FAUX;EXCLUDED
1594019;10012501;9657592.1151357;9649418.31;0.04606;2032-01-01;12;89500.96;Uninsured;mortgage;9;CAD;79;1;1.0;1.0;10012501;FAUX;CA_TPM
1649425;10072504;505731.8782315;498150.01;0.0625;2025-12-01;12;3029.84;Uninsured;mortgage;9;CAD;6;1;1.0;1.0;10072504;FAUX;CA_PAR_IA
1649656;FU031ZA;2111678.2178749;2097672.15;0.05091999999999999;2026-01-01;12;13330.12;Uninsured;mortgage;9;CAD;7;1;1.0;1.0;FU031ZA;FAUX;EXCLUDED
33445;10052504;487284.435;500000.0;0.06249;2030-05-01;12;2570.49;Uninsured;mortgage;9;CAD;59;1;1.0;1.0;10052504;FAUX;CA_PAR_NL
5833892;10012503;3361359.4314494;3333545.84;0.03698;2030-02-15;12;15863.42;CMHC;mortgage;9;CAD;56;1;1.0;1.0;10012503;FAUX;CA_TPM
5834791;21012501;1438113.3079757;1457863.28;0.01925;2026-07-16;12;5464.57;CMHC;mortgage;9;CAD;13;1;1.0;1.0;21012501;FAUX;EXCLUDED
5837901;10062504;1318559.3175198;1238005.31;0.052770000000000004;2029-12-15;12;11254.07;CMHC;mortgage;9;CAD;54;1;1.0;1.0;10062504;FAUX;EXCLUDED
5840764;10012503;2405840.5459261;2522259.03;0.02839;2032-06-10;12;15580.69;CMHC;mortgage;9;CAD;84;1;1.0;1.0;10012503;FAUX;CA_TPM
5840939;10012501;3669859.6576512;3644584.61;0.05075;2026-02-01;12;21497.79;Uninsured;mortgage;9;CAD;8;1;1.0;1.0;10012501;FAUX;CA_TPM
5870639;FU031ZA;1201533.3958816;1211742.88;0.025150000000000002;2026-01-01;12;6281.99;Uninsured;mortgage;9;CAD;7;1;1.0;1.0;FU031ZA;FAUX;EXCLUDED
7547292;10012504;3075603.3438171;3141777.59;0.041299999999999996;2027-01-10;12;16972.91;Uninsured;mortgage;9;USD;19;1;1.374950000001;1.3645;10012504;FAUX;CA_TPM
8011165;10042504;4988058.2803435;4748504.03;0.057409999999999996;2028-06-01;12;37687.11;Uninsured;mortgage;9;CAD;36;1;1.0;1.0;10042504;FAUX;EXCLUDED
8011223;FU031ZA;54994.9284602;55798.31;0.02681;2026-09-01;12;352.91;Uninsured;mortgage;9;CAD;15;1;1.0;1.0;FU031ZA;FAUX;EXCLUDED
1273788;21012501;3553965.0642598;3546696.03;0.0334;2025-10-08;12;16046.64;CMHC;mortgage;9;CAD;4;1;1.0;1.0;21012501;FAUX;EXCLUDED
1382092;10062504;4418714.98;4412904.43;0.03181;2025-07-15;12;19769.74;CMHC;mortgage;9;CAD;1;1;1.0;1.0;10062504;FAUX;EXCLUDED
1426105;10042504;2243647.009591;2248361.96;0.03198;2026-02-01;12;10685.25;Uninsured;mortgage;9;CAD;8;1;1.0;1.0;10042504;FAUX;EXCLUDED
1426154;FU031ZA;1219489.776256;1244613.36;0.028769999999999997;2027-02-01;12;7830.83;Uninsured;mortgage;9;CAD;20;1;1.0;1.0;FU031ZA;FAUX;EXCLUDED
1550813;10012503;312159.7459622;305195.62;0.053;2026-07-04;12;5710.3;CMHC;mortgage;9;CAD;13;1;1.0;1.0;10012503;FAUX;CA_TPM
1556547;10012503;222747.8949829;220272.19;0.05;2026-01-15;12;3460.0;CMHC;mortgage;9;CAD;7;1;1.0;1.0;10012503;FAUX;CA_TPM
1609072;10012503;410955.6960379;405428.85;0.0675;2025-09-01;12;3729.75;CMHC;mortgage;9;CAD;3;1;1.0;1.0;10012503;FAUX;CA_TPM
1642891;10012501;2964139.1090861;3089394.1;0.042;2032-03-01;12;25077.38;Uninsured;mortgage;9;CAD;81;1;1.0;1.0;10012501;FAUX;CA_TPM
1649557;21012501;4339478.3239239;4411707.88;0.0147;2026-06-01;12;20488.33;CMHC;mortgage;9;CAD;12;1;1.0;1.0;21012501;FAUX;EXCLUDED
32826;10032504;467184.1353536;497708.98;0.05727;2030-03-01;12;3118.35;Uninsured;mortgage;9;CAD;57;1;1.0;1.0;10032504;FAUX;EXCLUDED
32826;10062504;2571897.2216627;2739939.65;0.05727;2030-03-01;12;17166.83;Uninsured;mortgage;9;CAD;57;1;1.0;1.0;10062504;FAUX;EXCLUDED
33238;10012501;9781726.7324045;9793168.35;0.04575;2030-04-01;12;54809.28;Uninsured;mortgage;9;CAD;58;1;1.0;1.0;10012501;FAUX;CA_TPM
33238;10042504;995229.4099878;996393.52;0.04575;2030-04-01;12;5576.5;Uninsured;mortgage;9;CAD;58;1;1.0;1.0;10042504;FAUX;EXCLUDED
5832050;10062504;624140.8035123;591157.01;0.052320000000000005;2028-09-15;12;3330.75;CMHC;mortgage;9;CAD;39;1;1.0;1.0;10062504;FAUX;EXCLUDED
5841101;19012501;1778116.3571229;1788638.69;0.02724;2025-12-18;12;8100.8;Uninsured;mortgage;9;CAD;6;1;1.0;1.0;19012501;FAUX;EXCLUDED
5870639;10012501;2360154.8971482;2380209.24;0.025150000000000002;2026-01-01;12;12339.62;Uninsured;mortgage;9;CAD;7;1;1.0;1.0;10012501;FAUX;CA_TPM
5870795;FU031ZA;1490381.4824427;1475427.82;0.04269;2027-06-01;12;8597.19;Uninsured;mortgage;9;CAD;24;1;1.0;1.0;FU031ZA;FAUX;EXCLUDED
5870860;FU031ZA;1221444.7979328;1194683.48;0.05009;2027-09-01;12;6667.17;Uninsured;mortgage;9;CAD;27;1;1.0;1.0;FU031ZA;FAUX;EXCLUDED
7720139;55012501;869072.1406273;855205.5;0.061500000000000006;2027-08-01;12;6731.27;Uninsured;mortgage;9;USD;26;1;1.374950000001;1.3645;55012501;FAUX;US_PA
8006173;10012503;1815690.6388331;1692386.74;0.059500000000000004;2029-09-10;12;19890.08;CMHC;mortgage;9;CAD;51;1;1.0;1.0;10012503;FAUX;CA_TPM
1273796;10012503;5252789.6704383;5128240.49;0.046689999999999995;2027-02-08;12;27010.78;CMHC;mortgage;9;CAD;20;1;1.0;1.0;10012503;FAUX;CA_TPM
1290279;10012503;7925017.328425;7519912.17;0.051699999999999996;2028-09-16;12;41499.17;CMHC;mortgage;9;CAD;39;1;1.0;1.0;10012503;FAUX;CA_TPM
1350685;10012502;2393033.0191671;2276661.52;0.05375;2033-12-01;12;16132.27;Uninsured;mortgage;9;CAD;102;1;1.0;1.0;10012502;FAUX;CA_TPM
1375013;10112501;6218395.1744302;6214289.29;0.02519;2025-08-01;12;41078.12;CMHC;mortgage;9;CAD;2;1;1.0;1.0;10112501;FAUX;CA_TPM
1414820;10062504;3547398.9152842;3545062.94;0.03107;2026-01-08;12;15569.94;CMHC;mortgage;9;CAD;7;1;1.0;1.0;10062504;FAUX;EXCLUDED
1560663;10012503;542756.8073154;516749.64;0.052000000000000005;2032-08-05;12;7197.01;CMHC;mortgage;9;CAD;86;1;1.0;1.0;10012503;FAUX;CA_TPM
1589449;19012501;695417.3722925;687157.09;0.0625;2025-09-01;12;7300.48;CMHC;mortgage;9;CAD;3;1;1.0;1.0;19012501;FAUX;EXCLUDED
1606599;10012503;5514962.7471725;5379841.78;0.045880000000000004;2027-04-01;12;43906.55;CMHC;mortgage;9;CAD;22;1;1.0;1.0;10012503;FAUX;CA_TPM
1642891;10062504;741034.755869;772348.5;0.042;2032-03-01;12;6269.35;Uninsured;mortgage;9;CAD;81;1;1.0;1.0;10062504;FAUX;EXCLUDED
1649466;19012501;1664208.8647039;1682626.85;0.012199999999999999;2026-01-01;12;6380.99;CMHC;mortgage;9;CAD;7;1;1.0;1.0;19012501;FAUX;EXCLUDED
1649524;19012501;1671217.3498613;1699034.35;0.0147;2026-06-01;12;7890.45;CMHC;mortgage;9;CAD;12;1;1.0;1.0;19012501;FAUX;EXCLUDED
32826;10052504;467184.1353536;497708.98;0.05727;2030-03-01;12;3118.35;Uninsured;mortgage;9;CAD;57;1;1.0;1.0;10052504;FAUX;CA_PAR_NL
33238;10052504;995229.4099878;996393.52;0.04575;2030-04-01;12;5576.5;Uninsured;mortgage;9;CAD;58;1;1.0;1.0;10052504;FAUX;CA_PAR_NL
5833876;10012503;4413518.29005;4258856.81;0.04622;2028-07-15;12;22477.23;CMHC;mortgage;9;CAD;37;1;1.0;1.0;10012503;FAUX;CA_TPM
5834809;10062504;1352318.1646842;1305033.0;0.04622;2028-07-16;12;6781.0;CMHC;mortgage;9;CAD;37;1;1.0;1.0;10062504;FAUX;EXCLUDED
5836507;10012503;10948242.1904948;10558783.34;0.04642;2028-07-15;12;55848.35;CMHC;mortgage;9;CAD;37;1;1.0;1.0;10012503;FAUX;CA_TPM
5840210;10032504;442256.6229929;446144.5;0.02817;2026-03-01;12;4009.19;Uninsured;mortgage;9;CAD;9;1;1.0;1.0;10032504;FAUX;EXCLUDED
5841127;10062504;1953095.2983179;1971127.43;0.012470000000000002;2025-12-01;12;5725.87;CMHC;mortgage;9;CAD;6;1;1.0;1.0;10062504;FAUX;EXCLUDED
5841135;19012501;1581614.7358515;1596189.85;0.0125;2025-12-01;12;4630.36;CMHC;mortgage;9;CAD;6;1;1.0;1.0;19012501;FAUX;EXCLUDED
5841150;10042504;4959139.5803;5010000.0;0.026000000000000002;2026-04-01;12;10796.67;Uninsured;mortgage;9;CAD;10;1;1.0;1.0;10042504;FAUX;EXCLUDED
8009748;10012503;663416.4027565;635163.61;0.085;2026-04-15;12;6235.25;CMHC;mortgage;9;CAD;10;1;1.0;1.0;10012503;FAUX;CA_TPM
8010068;10012501;1774818.646409;1821154.48;0.0475;2027-05-10;12;25746.61;Uninsured;mortgage;9;CAD;23;1;1.0;1.0;10012501;FAUX;CA_TPM
8011272;10012501;463069.6045649;467948.49;0.03211;2027-01-01;12;3031.06;Uninsured;mortgage;9;CAD;19;1;1.0;1.0;10012501;FAUX;CA_TPM
1598085;10012503;196437.0234356;195618.71;0.04719;2025-08-15;12;1768.22;CMHC;mortgage;9;CAD;2;1;1.0;1.0;10012503;FAUX;CA_TPM
1600758;10112501;5466525.3769899;5476103.09;0.03178;2028-03-01;12;43523.68;CMHC;mortgage;9;CAD;33;1;1.0;1.0;10112501;FAUX;CA_TPM
1634997;FU031ZA;2170999.7051908;2157625.98;0.0537;2025-10-15;12;19901.75;Uninsured;mortgage;9;CAD;4;1;1.0;1.0;FU031ZA;FAUX;EXCLUDED
1649466;21012501;4829468.831107;4882917.1;0.012199999999999999;2026-01-01;12;18517.39;CMHC;mortgage;9;CAD;7;1;1.0;1.0;21012501;FAUX;EXCLUDED
5834791;19012501;629347.1061019;637990.09;0.01925;2026-07-16;12;2391.4;CMHC;mortgage;9;CAD;13;1;1.0;1.0;19012501;FAUX;EXCLUDED
5837901;10012503;1318559.2112306;1238005.21;0.052770000000000004;2029-12-15;12;11254.07;CMHC;mortgage;9;CAD;54;1;1.0;1.0;10012503;FAUX;CA_TPM
5840210;10072504;187738.601123;189389.01;0.02817;2026-03-01;12;1701.91;Uninsured;mortgage;9;CAD;9;1;1.0;1.0;10072504;FAUX;CA_PAR_IA
5841150;10012501;17312445.3447;17490000.0;0.026000000000000002;2026-04-01;12;37691.35;Uninsured;mortgage;9;CAD;10;1;1.0;1.0;10012501;FAUX;CA_TPM
7547300;10012504;4636893.3599311;4730155.5;0.0287;2026-01-15;12;21767.83;Uninsured;mortgage;9;USD;7;1;1.374950000001;1.3645;10012504;FAUX;CA_TPM
8008310;10012503;11054402.9265614;11229430.79;0.02947;2029-05-10;12;67190.33;CMHC;mortgage;9;CAD;47;1;1.0;1.0;10012503;FAUX;CA_TPM
8008542;FU031ZA;2674948.0294306;2503529.12;0.060439999999999994;2029-05-15;12;18427.91;Uninsured;mortgage;9;CAD;47;1;1.0;1.0;FU031ZA;FAUX;EXCLUDED
8011512;10042504;2362434.959312;2274762.13;0.061529999999999994;2028-07-01;12;17299.15;Uninsured;mortgage;9;CAD;37;1;1.0;1.0;10042504;FAUX;EXCLUDED
1363647;10062504;3963698.6362738;3908274.84;0.039420000000000004;2027-08-16;12;18792.66;CMHC;mortgage;9;CAD;26;1;1.0;1.0;10062504;FAUX;EXCLUDED
1414853;10062504;1780650.5713982;1744341.49;0.04929;2027-10-01;12;11814.76;Uninsured;mortgage;9;CAD;28;1;1.0;1.0;10062504;FAUX;EXCLUDED
1426089;19012501;1178127.7012872;1188690.56;0.012929999999999999;2025-12-01;12;3479.08;CMHC;mortgage;9;CAD;6;1;1.0;1.0;19012501;FAUX;EXCLUDED
1426089;23012501;1086217.055766;1095955.86;0.012929999999999999;2025-12-01;12;3207.66;CMHC;mortgage;9;CAD;6;1;1.0;1.0;23012501;FAUX;CA_SMI
1426105;10072504;228167.4771654;228646.96;0.03198;2026-02-01;12;1086.64;Uninsured;mortgage;9;CAD;8;1;1.0;1.0;10072504;FAUX;CA_PAR_IA
1538560;10012503;543420.6625871;527734.18;0.059699999999999996;2027-04-01;12;25366.74;CMHC;mortgage;9;CAD;22;1;1.0;1.0;10012503;FAUX;CA_TPM
1649565;23012501;2431196.7757948;2471663.45;0.0147;2026-06-01;12;11478.6;CMHC;mortgage;9;CAD;12;1;1.0;1.0;23012501;FAUX;CA_SMI
32718;10012501;5550928.1035514;5482326.31;0.047670000000000004;2028-01-01;12;28683.32;Uninsured;mortgage;9;CAD;31;1;1.0;1.0;10012501;FAUX;CA_TPM
5836838;10012503;12797665.8069204;12265571.81;0.0529;2028-01-01;12;89034.97;CMHC;mortgage;9;CAD;31;1;1.0;1.0;10012503;FAUX;CA_TPM
5838016;10012503;8823017.7554718;8462683.19;0.049400000000000006;2037-12-15;12;75517.36;CMHC;mortgage;9;CAD;150;1;1.0;1.0;10012503;FAUX;CA_TPM
5838578;10112501;663100.2000813;648107.46;0.053689999999999995;2027-05-10;12;29699.13;CMHC;mortgage;9;CAD;23;1;1.0;1.0;10112501;FAUX;CA_TPM
5840244;10012501;3808923.297578;3807566.09;0.0375;2026-03-01;12;26652.91;Uninsured;mortgage;9;CAD;9;1;1.0;1.0;10012501;FAUX;CA_TPM
5841200;FU031ZA;1860133.8386297;1895008.88;0.02939;2027-01-01;12;9872.54;Uninsured;mortgage;9;CAD;19;1;1.0;1.0;FU031ZA;FAUX;EXCLUDED
5870688;10012501;526354.0496657;538555.93;0.024940000000000004;2026-09-01;12;2719.58;Uninsured;mortgage;9;CAD;15;1;1.0;1.0;10012501;FAUX;CA_TPM
7547383;10242501;9879686.6540126;10024050.86;0.049800000000000004;2027-07-10;12;56238.0;Uninsured;mortgage;9;USD;25;1;1.374950000001;1.3645;10242501;FAUX;EXCLUDED
7650393;54012501;2570665.6773053;2829399.51;0.050499999999999996;2037-09-01;12;25850.3;Uninsured;mortgage;9;USD;147;1;1.374950000001;1.3645;54012501;FAUX;US_AA
8009839;10032504;1080729.5727149;1082138.79;0.034;2026-01-01;12;10145.38;Uninsured;mortgage;9;CAD;7;1;1.0;1.0;10032504;FAUX;EXCLUDED
5841317;FU031ZA;599150.2276295;597344.19;0.0499;2025-08-15;12;3331.84;Uninsured;mortgage;9;CAD;2;1;1.0;1.0;FU031ZA;FAUX;EXCLUDED
5870563;FU031ZA;1162541.7170471;1171109.21;0.024540000000000003;2025-12-01;12;6055.7;Uninsured;mortgage;9;CAD;6;1;1.0;1.0;FU031ZA;FAUX;EXCLUDED
5870662;10012503;5564947.3686681;5641616.38;0.017079999999999998;2026-04-01;12;17533.95;CMHC;mortgage;9;CAD;10;1;1.0;1.0;10012503;FAUX;CA_TPM
5870803;FU031ZA;1536701.4873083;1580965.13;0.036000000000000004;2029-05-01;12;7612.85;Uninsured;mortgage;9;CAD;47;1;1.0;1.0;FU031ZA;FAUX;EXCLUDED
1273788;10012503;2819346.5611442;2813580.07;0.0334;2025-10-08;12;12729.73;CMHC;mortgage;9;CAD;4;1;1.0;1.0;10012503;FAUX;CA_TPM
1289321;10062504;6719887.0270251;6706142.64;0.0334;2025-10-08;12;30341.2;CMHC;mortgage;9;CAD;4;1;1.0;1.0;10062504;FAUX;EXCLUDED
1363654;10012503;10317402.6055152;10198553.67;0.041319999999999996;2034-08-16;12;50128.78;CMHC;mortgage;9;CAD;110;1;1.0;1.0;10012503;FAUX;CA_TPM
1426105;FU031ZA;1400694.8867728;1403638.4;0.03198;2026-02-01;12;6670.73;Uninsured;mortgage;9;CAD;8;1;1.0;1.0;FU031ZA;FAUX;EXCLUDED
1649326;10112501;4081295.0136673;4266129.06;0.02255;2029-09-01;12;18925.72;CMHC;mortgage;9;CAD;51;1;1.0;1.0;10112501;FAUX;CA_TPM
1649425;10052504;505731.868129;498150.0;0.0625;2025-12-01;12;3029.84;Uninsured;mortgage;9;CAD;6;1;1.0;1.0;10052504;FAUX;CA_PAR_NL
5834809;10012503;338079.538671;326258.25;0.04622;2028-07-16;12;1695.25;CMHC;mortgage;9;CAD;37;1;1.0;1.0;10012503;FAUX;CA_TPM
5840939;21012501;1500227.017338;1489894.66;0.05075;2026-02-01;12;8788.23;Uninsured;mortgage;9;CAD;8;1;1.0;1.0;21012501;FAUX;EXCLUDED
5841119;10042504;3421241.9412054;3443629.16;0.02391;2025-12-16;12;17702.25;Uninsured;mortgage;9;CAD;6;1;1.0;1.0;10042504;FAUX;EXCLUDED
5841135;23012501;1485084.2091221;1498769.76;0.0125;2025-12-01;12;4347.76;CMHC;mortgage;9;CAD;6;1;1.0;1.0;23012501;FAUX;CA_SMI
5841176;FU031ZA;1038046.0803029;1044040.59;0.032690000000000004;2026-06-05;12;4959.45;Uninsured;mortgage;9;CAD;12;1;1.0;1.0;FU031ZA;FAUX;EXCLUDED
5841325;FU031ZA;1192851.4398044;1179590.26;0.04492;2027-09-01;12;6968.16;Uninsured;mortgage;9;CAD;27;1;1.0;1.0;FU031ZA;FAUX;EXCLUDED
5870522;10042504;3253726.8544318;3270275.32;0.027200000000000002;2025-10-15;12;17439.1;Uninsured;mortgage;9;CAD;4;1;1.0;1.0;10042504;FAUX;EXCLUDED
5870639;10032504;2875097.8009632;2899527.63;0.025150000000000002;2026-01-01;12;15031.91;Uninsured;mortgage;9;CAD;7;1;1.0;1.0;10032504;FAUX;EXCLUDED
5870688;FU031ZA;428881.043069;438823.32;0.024940000000000004;2026-09-01;12;2215.95;Uninsured;mortgage;9;CAD;15;1;1.0;1.0;FU031ZA;FAUX;EXCLUDED
7547359;10242501;5566591.2957876;5788258.07;0.028999999999999998;2026-10-10;12;26214.17;Uninsured;mortgage;9;USD;16;1;1.374950000001;1.3645;10242501;FAUX;EXCLUDED
7547375;10012504;361312.6827235;376887.0;0.0313;2026-11-15;12;1748.88;Uninsured;mortgage;9;USD;17;1;1.374950000001;1.3645;10012504;FAUX;CA_TPM
8011363;10112501;1849694.9790072;1872585.75;0.02613;2027-09-01;12;11321.62;CMHC;mortgage;9;CAD;27;1;1.0;1.0;10112501;FAUX;CA_TPM
8011553;10012501;906844.42;903502.97;0.0675;2026-04-10;12;7154.01;Uninsured;mortgage;9;CAD;10;1;1.0;1.0;10012501;FAUX;CA_TPM
8011579;10012503;5996311.585246;6423027.83;0.03662;2043-08-01;12;34212.96;CMHC;mortgage;9;CAD;218;1;1.0;1.0;10012503;FAUX;CA_TPM
8006413;10012503;4487768.2086196;4309953.64;0.048940000000000004;2029-11-10;12;42676.89;CMHC;mortgage;9;CAD;53;1;1.0;1.0;10012503;FAUX;CA_TPM
8010993;10012501;386079.2484072;375286.01;0.075;2026-04-10;12;3413.54;Uninsured;mortgage;9;CAD;10;1;1.0;1.0;10012501;FAUX;CA_TPM
1289339;10012503;7305003.8087591;6945867.24;0.050910000000000004;2028-08-08;12;38300.26;CMHC;mortgage;9;CAD;38;1;1.0;1.0;10012503;FAUX;CA_TPM
1290261;10012503;7696709.7913665;7338292.64;0.050019999999999995;2028-09-16;12;39764.46;CMHC;mortgage;9;CAD;39;1;1.0;1.0;10012503;FAUX;CA_TPM
1414960;10012503;8284323.2672974;8075884.71;0.045899999999999996;2027-06-16;12;41812.76;CMHC;mortgage;9;CAD;24;1;1.0;1.0;10012503;FAUX;CA_TPM
1560440;10012503;169301.8636749;165253.79;0.047259999999999996;2027-03-05;12;2383.32;CMHC;mortgage;9;CAD;21;1;1.0;1.0;10012503;FAUX;CA_TPM
1649425;10012501;2136508.294285;2104478.03;0.0625;2025-12-01;12;12799.82;Uninsured;mortgage;9;CAD;6;1;1.0;1.0;10012501;FAUX;CA_TPM
1649623;10122501;587297.5285089;596362.73;0.026600000000000002;2026-07-01;12;3077.82;Uninsured;mortgage;9;CAD;13;1;1.0;1.0;10122501;FAUX;CA_PAR_NL
33445;10012501;3406615.2542777;3495510.0;0.06249;2030-05-01;12;17970.32;Uninsured;mortgage;9;CAD;59;1;1.0;1.0;10012501;FAUX;CA_TPM
33445;10072504;487284.435;500000.0;0.06249;2030-05-01;12;2570.49;Uninsured;mortgage;9;CAD;59;1;1.0;1.0;10072504;FAUX;CA_PAR_IA
5833884;10062504;954364.9079429;920921.42;0.04622;2028-07-15;12;4860.4;CMHC;mortgage;9;CAD;37;1;1.0;1.0;10062504;FAUX;EXCLUDED
5835277;10012503;6599640.500299;6338661.82;0.054939999999999996;2027-06-01;12;90882.88;CMHC;mortgage;9;CAD;24;1;1.0;1.0;10012503;FAUX;CA_TPM
5840640;10042504;4736730.7588824;4507570.99;0.05903;2028-07-01;12;33661.36;Uninsured;mortgage;9;CAD;37;1;1.0;1.0;10042504;FAUX;EXCLUDED
7547011;10242501;1513190.9066789;1531687.22;0.035;2025-12-15;12;8733.63;Uninsured;mortgage;9;USD;6;1;1.374950000001;1.3645;10242501;FAUX;EXCLUDED
1273788;23012501;1776982.5171296;1773348.0;0.0334;2025-10-08;12;8023.32;CMHC;mortgage;9;CAD;4;1;1.0;1.0;23012501;FAUX;CA_SMI
1381821;10012503;9388295.5030699;9059304.53;0.04622;2028-07-15;12;47812.84;CMHC;mortgage;9;CAD;37;1;1.0;1.0;10012503;FAUX;CA_TPM
1649508;10062504;1894609.8475823;1911750.35;0.01279;2025-12-01;12;5582.55;CMHC;mortgage;9;CAD;6;1;1.0;1.0;10062504;FAUX;EXCLUDED
32718;10062504;5030292.7971679;4968125.34;0.047670000000000004;2028-01-01;12;25993.04;Uninsured;mortgage;9;CAD;31;1;1.0;1.0;10062504;FAUX;EXCLUDED
33152;10032504;511340.8165448;498799.56;0.05069;2028-04-15;12;2689.09;Uninsured;mortgage;9;CAD;34;1;1.0;1.0;10032504;FAUX;EXCLUDED
5834304;10012503;11177292.1237979;10968477.45;0.0652;2025-12-10;12;70055.82;CMHC;mortgage;9;CAD;6;1;1.0;1.0;10012503;FAUX;CA_TPM
5837893;10012503;808735.5791095;777810.51;0.051100000000000007;2027-11-15;12;7039.93;CMHC;mortgage;9;CAD;29;1;1.0;1.0;10012503;FAUX;CA_TPM
5840939;23012501;750113.5186979;744947.34;0.05075;2026-02-01;12;4394.11;Uninsured;mortgage;9;CAD;8;1;1.0;1.0;23012501;FAUX;CA_SMI
5841200;10012501;1169227.0309343;1191148.49;0.02939;2027-01-01;12;6205.6;Uninsured;mortgage;9;CAD;19;1;1.0;1.0;10012501;FAUX;CA_TPM
5870407;10012503;8998437.1629979;9201948.94;0.028370000000000003;2030-01-01;12;43281.7;CMHC;mortgage;9;CAD;55;1;1.0;1.0;10012503;FAUX;CA_TPM
5870613;10012503;1152908.5597929;1228492.84;0.01839;2030-01-01;12;5175.4;CMHC;mortgage;9;CAD;55;1;1.0;1.0;10012503;FAUX;CA_TPM
7547318;10012504;4155278.38867;4969525.58;0.0366;2026-02-15;12;24166.46;Uninsured;mortgage;9;USD;8;1;1.374950000001;1.3645;10012504;FAUX;CA_TPM
7700263;56012501;1380144.1174892;1399491.94;0.051500000000000004;2031-10-10;12;21619.54;Uninsured;mortgage;9;USD;76;1;1.374950000001;1.3645;56012501;FAUX;US_OL
8011330;FU031ZA;224323.1234202;221366.76;0.04456;2027-06-01;12;1983.06;Uninsured;mortgage;9;CAD;24;1;1.0;1.0;FU031ZA;FAUX;EXCLUDED
1300177;10012503;3396835.7320783;3690570.57;0.01799;2030-10-15;12;13945.57;CMHC;mortgage;9;CAD;64;1;1.0;1.0;10012503;FAUX;CA_TPM
1649425;10042504;505731.868129;498150.0;0.0625;2025-12-01;12;3029.84;Uninsured;mortgage;9;CAD;6;1;1.0;1.0;10042504;FAUX;EXCLUDED
1649508;19012501;810345.1803569;817676.36;0.01279;2025-12-01;12;2387.72;CMHC;mortgage;9;CAD;6;1;1.0;1.0;19012501;FAUX;EXCLUDED
5834296;10012503;8721981.0888511;8803960.23;0.012709999999999999;2025-12-10;12;30685.55;CMHC;mortgage;9;CAD;6;1;1.0;1.0;10012503;FAUX;CA_TPM
5834791;23012501;692833.8788585;702348.74;0.01925;2026-07-16;12;2632.64;CMHC;mortgage;9;CAD;13;1;1.0;1.0;23012501;FAUX;CA_SMI
5834825;10012503;4478871.6145236;4322263.36;0.04622;2028-07-16;12;22458.66;CMHC;mortgage;9;CAD;37;1;1.0;1.0;10012503;FAUX;CA_TPM
5835608;10012503;693337.370427;678262.13;0.05091999999999999;2026-10-21;12;10441.32;CMHC;mortgage;9;CAD;16;1;1.0;1.0;10012503;FAUX;CA_TPM
5841077;19012501;1716635.6298017;1733481.29;0.011470000000000001;2025-12-01;12;4953.41;CMHC;mortgage;9;CAD;6;1;1.0;1.0;19012501;FAUX;EXCLUDED
5870738;FU031ZA;1765338.2560906;1801792.89;0.028300000000000002;2027-01-01;12;8027.63;Uninsured;mortgage;9;CAD;19;1;1.0;1.0;FU031ZA;FAUX;EXCLUDED
8010332;10062504;1668242.8591314;1554890.59;0.06472;2028-11-01;12;10678.03;Uninsured;mortgage;9;CAD;41;1;1.0;1.0;10062504;FAUX;EXCLUDED
1426139;FU031ZA;1373702.4809471;1377473.63;0.03711;2026-05-01;12;6880.33;Uninsured;mortgage;9;CAD;11;1;1.0;1.0;FU031ZA;FAUX;EXCLUDED
1564608;10012503;332560.7007621;316679.72;0.0508;2037-09-15;12;2889.59;CMHC;mortgage;9;CAD;147;1;1.0;1.0;10012503;FAUX;CA_TPM
1566132;10012503;3107989.838567;3030624.24;0.0496;2038-04-01;12;26564.58;CMHC;mortgage;9;CAD;154;1;1.0;1.0;10012503;FAUX;CA_TPM
1649474;19012501;1297981.4988865;1309170.13;0.01026;2025-11-01;12;4876.85;CMHC;mortgage;9;CAD;5;1;1.0;1.0;19012501;FAUX;EXCLUDED
1649474;23012501;1224510.8538587;1235066.16;0.01026;2025-11-01;12;4600.8;CMHC;mortgage;9;CAD;5;1;1.0;1.0;23012501;FAUX;CA_SMI
1649623;FU031ZA;1057135.5080787;1073452.87;0.026600000000000002;2026-07-01;12;5540.08;Uninsured;mortgage;9;CAD;13;1;1.0;1.0;FU031ZA;FAUX;EXCLUDED
1649656;23012501;498037.3040071;494733.99;0.05091999999999999;2026-01-01;12;3143.9;Uninsured;mortgage;9;CAD;7;1;1.0;1.0;23012501;FAUX;CA_SMI
33152;FU031ZA;1089697.9635616;1062971.79;0.05069;2028-04-15;12;5730.6;Uninsured;mortgage;9;CAD;34;1;1.0;1.0;FU031ZA;FAUX;EXCLUDED
5834767;10012503;3778967.9857035;3576418.54;0.0592;2029-10-01;12;78026.53;CMHC;mortgage;9;CAD;52;1;1.0;1.0;10012503;FAUX;CA_TPM
5837265;10012503;2932962.2675613;2796040.7;0.05421;2028-02-15;12;29240.63;CMHC;mortgage;9;CAD;32;1;1.0;1.0;10012503;FAUX;CA_TPM
5840764;10062504;763909.8154832;800875.37;0.02839;2032-06-10;12;4947.23;CMHC;mortgage;9;CAD;84;1;1.0;1.0;10062504;FAUX;EXCLUDED
5841077;21012501;4839277.6099294;4886766.32;0.011470000000000001;2025-12-01;12;13963.89;CMHC;mortgage;9;CAD;6;1;1.0;1.0;21012501;FAUX;EXCLUDED
5841168;10072504;218548.0269221;220384.8;0.028929999999999997;2026-05-01;12;1169.43;Uninsured;mortgage;9;CAD;11;1;1.0;1.0;10072504;FAUX;CA_PAR_IA
5841333;FU031ZA;1053328.5955335;1041050.0;0.05887;2025-11-01;12;5045.68;Uninsured;mortgage;9;CAD;5;1;1.0;1.0;FU031ZA;FAUX;EXCLUDED
5870563;10012501;2515948.5895592;2534490.18;0.024540000000000003;2025-12-01;12;13105.63;Uninsured;mortgage;9;CAD;6;1;1.0;1.0;10012501;FAUX;CA_TPM
5870563;10042504;4268436.8941021;4299893.66;0.024540000000000003;2025-12-01;12;22234.38;Uninsured;mortgage;9;CAD;6;1;1.0;1.0;10042504;FAUX;EXCLUDED
8007379;10112501;616817.1922639;602193.93;0.04769999999999999;2026-12-01;12;4384.6;CMHC;mortgage;9;CAD;18;1;1.0;1.0;10112501;FAUX;CA_TPM
8011272;FU031ZA;332202.1086785;335702.18;0.03211;2027-01-01;12;2174.45;Uninsured;mortgage;9;CAD;19;1;1.0;1.0;FU031ZA;FAUX;EXCLUDED
8011645;FU031ZA;2428846.9766754;2255537.21;0.06397;2028-12-01;12;17246.87;Uninsured;mortgage;9;CAD;42;1;1.0;1.0;FU031ZA;FAUX;EXCLUDED
1426089;10062504;2790742.2228213;2815763.47;0.012929999999999999;2025-12-01;12;8241.22;CMHC;mortgage;9;CAD;6;1;1.0;1.0;10062504;FAUX;EXCLUDED
1589258;10012503;120745.86;120268.6;0.04977;2025-07-01;12;1209.86;CMHC;mortgage;9;CAD;1;1;1.0;1.0;10012503;FAUX;CA_TPM
1589449;21012501;2532515.7518386;2502434.11;0.0625;2025-09-01;12;26586.3;CMHC;mortgage;9;CAD;3;1;1.0;1.0;21012501;FAUX;EXCLUDED
1645589;10012503;2042575.8779966;1994119.28;0.085;2025-11-15;12;16130.49;CMHC;mortgage;9;CAD;5;1;1.0;1.0;10012503;FAUX;CA_TPM
1649425;10032504;505731.868129;498150.0;0.0625;2025-12-01;12;3029.84;Uninsured;mortgage;9;CAD;6;1;1.0;1.0;10032504;FAUX;EXCLUDED
1649656;10012501;5868787.5217249;5829861.77;0.05091999999999999;2026-01-01;12;37047.15;Uninsured;mortgage;9;CAD;7;1;1.0;1.0;10012501;FAUX;CA_TPM
33445;10032504;487284.435;500000.0;0.06249;2030-05-01;12;2570.49;Uninsured;mortgage;9;CAD;59;1;1.0;1.0;10032504;FAUX;EXCLUDED
5832050;10012503;1872422.3583913;1773470.99;0.052320000000000005;2028-09-15;12;9992.25;CMHC;mortgage;9;CAD;39;1;1.0;1.0;10012503;FAUX;CA_TPM
5832332;10052504;113439.7089076;111442.03;0.071;2026-01-01;12;16294.28;CMHC;mortgage;9;CAD;7;1;1.0;1.0;10052504;FAUX;CA_PAR_NL
5839923;10012501;1936720.0975282;1978313.01;0.0377;2030-01-01;12;11887.51;Uninsured;mortgage;9;CAD;55;1;1.0;1.0;10012501;FAUX;CA_TPM
5841101;21012501;5802274.3825442;5836610.41;0.02724;2025-12-18;12;26434.2;Uninsured;mortgage;9;CAD;6;1;1.0;1.0;21012501;FAUX;EXCLUDED
7547300;10242501;1545631.1264346;1576718.51;0.0287;2026-01-15;12;7255.94;Uninsured;mortgage;9;USD;7;1;1.374950000001;1.3645;10242501;FAUX;EXCLUDED
7547367;10012504;519528.262467;537436.43;0.029900000000000003;2026-10-10;12;2842.15;Uninsured;mortgage;9;USD;16;1;1.374950000001;1.3645;10012504;FAUX;CA_TPM
8009862;10012501;6334221.6741039;6009702.55;0.055540000000000006;2031-05-01;12;57356.64;Uninsured;mortgage;9;CAD;71;1;1.0;1.0;10012501;FAUX;CA_TPM
8010407;10012503;7783073.5226698;7495600.02;0.04589000000000001;2034-05-01;12;60650.08;CMHC;mortgage;9;CAD;107;1;1.0;1.0;10012503;FAUX;CA_TPM
8011223;10012501;251912.2595342;255592.27;0.02681;2026-09-01;12;1616.54;Uninsured;mortgage;9;CAD;15;1;1.0;1.0;10012501;FAUX;CA_TPM
8011595;10062504;4101818.171713;3834242.22;0.06701;2028-10-01;12;30111.94;Uninsured;mortgage;9;CAD;40;1;1.0;1.0;10062504;FAUX;EXCLUDED
1317320;10012503;1611636.355018;1567751.81;0.05009;2027-01-10;12;10412.16;CMHC;mortgage;9;CAD;19;1;1.0;1.0;10012503;FAUX;CA_TPM
1351600;10012503;7869765.0441844;7640847.98;0.04929;2027-04-16;12;41074.49;CMHC;mortgage;9;CAD;22;1;1.0;1.0;10012503;FAUX;CA_TPM
1414960;10062504;5828663.5596351;5682010.88;0.045899999999999996;2027-06-16;12;29418.51;CMHC;mortgage;9;CAD;24;1;1.0;1.0;10062504;FAUX;EXCLUDED
1426253;FU031ZA;404295.2520404;407925.82;0.04546;2027-07-01;12;2174.58;Uninsured;mortgage;9;CAD;25;1;1.0;1.0;FU031ZA;FAUX;EXCLUDED
1556604;10012503;705133.3228382;689935.95;0.05345;2026-07-15;12;11072.81;CMHC;mortgage;9;CAD;13;1;1.0;1.0;10012503;FAUX;CA_TPM
1566868;10012503;10336821.7580426;9992202.01;0.05114;2027-08-15;12;138769.56;CMHC;mortgage;9;CAD;26;1;1.0;1.0;10012503;FAUX;CA_TPM
1649466;23012501;1664208.8153002;1682626.8;0.012199999999999999;2026-01-01;12;6380.99;CMHC;mortgage;9;CAD;7;1;1.0;1.0;23012501;FAUX;CA_SMI
1649490;10112501;9175871.3553918;9359380.36;0.01157;2026-06-01;12;42437.44;CMHC;mortgage;9;CAD;12;1;1.0;1.0;10112501;FAUX;CA_TPM
1649565;19012501;1427845.7173438;1451611.86;0.0147;2026-06-01;12;6741.4;CMHC;mortgage;9;CAD;12;1;1.0;1.0;19012501;FAUX;EXCLUDED
1649623;10042504;1045389.5688555;1061525.63;0.026600000000000002;2026-07-01;12;5478.52;Uninsured;mortgage;9;CAD;13;1;1.0;1.0;10042504;FAUX;EXCLUDED
1649656;19012501;498037.3040071;494733.99;0.05091999999999999;2026-01-01;12;3143.9;Uninsured;mortgage;9;CAD;7;1;1.0;1.0;19012501;FAUX;EXCLUDED
32826;10012501;4576299.7418976;4875305.67;0.05727;2030-03-01;12;30545.76;Uninsured;mortgage;9;CAD;57;1;1.0;1.0;10012501;FAUX;CA_TPM
33152;10062504;1355728.1408802;1322477.26;0.05069;2028-04-15;12;7129.63;Uninsured;mortgage;9;CAD;34;1;1.0;1.0;10062504;FAUX;EXCLUDED
33445;10062504;1914530.8099223;1964490.0;0.06249;2030-05-01;12;10099.39;Uninsured;mortgage;9;CAD;59;1;1.0;1.0;10062504;FAUX;EXCLUDED
5838628;10112501;1265778.5251391;1237159.05;0.053689999999999995;2027-05-10;12;56691.81;CMHC;mortgage;9;CAD;23;1;1.0;1.0;10112501;FAUX;CA_TPM
5840723;FU031ZA;2543103.2827032;2394391.75;0.06785000000000001;2028-10-15;12;18917.52;Uninsured;mortgage;9;CAD;40;1;1.0;1.0;FU031ZA;FAUX;EXCLUDED
5841143;10012501;2731488.2716726;2750207.85;0.023319999999999997;2025-12-01;12;14059.79;Uninsured;mortgage;9;CAD;6;1;1.0;1.0;10012501;FAUX;CA_TPM
5841259;FU031ZA;873944.4312894;886765.64;0.034;2027-05-05;12;4182.84;Uninsured;mortgage;9;CAD;23;1;1.0;1.0;FU031ZA;FAUX;EXCLUDED
5870662;19012501;1551353.6100137;1572726.81;0.017079999999999998;2026-04-01;12;4887.98;CMHC;mortgage;9;CAD;10;1;1.0;1.0;19012501;FAUX;EXCLUDED
7547326;10242501;3446688.8353304;3498958.68;0.0311;2026-01-15;12;19198.1;Uninsured;mortgage;9;USD;7;1;1.374950000001;1.3645;10242501;FAUX;EXCLUDED
8006561;10012503;746577.8928676;709843.3;0.05572;2030-03-10;12;14181.95;CMHC;mortgage;9;CAD;57;1;1.0;1.0;10012503;FAUX;CA_TPM
8006983;10012502;7106023.2758676;7011849.64;0.05162;2026-04-01;12;136684.69;Uninsured;mortgage;9;CAD;10;1;1.0;1.0;10012502;FAUX;CA_TPM
1363662;10012503;8253919.2138255;8597729.49;0.03435;2035-02-16;12;38938.93;CMHC;mortgage;9;CAD;116;1;1.0;1.0;10012503;FAUX;CA_TPM
1414796;10012503;34076819.3283593;32965356.66;0.044480000000000006;2028-08-01;12;168941.74;CMHC;mortgage;9;CAD;38;1;1.0;1.0;10012503;FAUX;CA_TPM
1426022;10112501;3460489.9044577;3482809.58;0.01103;2025-10-01;12;11258.16;CMHC;mortgage;9;CAD;4;1;1.0;1.0;10112501;FAUX;CA_TPM
1426055;10112501;2321038.2205428;2336008.6;0.01103;2025-10-01;12;7551.14;CMHC;mortgage;9;CAD;4;1;1.0;1.0;10112501;FAUX;CA_TPM
1566553;10012503;702376.1867824;668744.53;0.0507;2038-01-15;12;5981.87;CMHC;mortgage;9;CAD;151;1;1.0;1.0;10012503;FAUX;CA_TPM
1649508;21012501;2237009.2036429;2257247.39;0.01279;2025-12-01;12;6591.44;CMHC;mortgage;9;CAD;6;1;1.0;1.0;21012501;FAUX;EXCLUDED
1649664;10012501;1077872.0961059;1098684.76;0.03138;2027-01-01;12;5833.43;Uninsured;mortgage;9;CAD;19;1;1.0;1.0;10012501;FAUX;CA_TPM
5834916;10032504;328027.1352653;331600.23;0.027160000000000004;2026-06-01;12;2925.59;Uninsured;mortgage;9;CAD;12;1;1.0;1.0;10032504;FAUX;EXCLUDED
5840848;10012501;5726720.746938;5547014.7;0.059539999999999996;2028-07-01;12;48347.56;Uninsured;mortgage;9;CAD;37;1;1.0;1.0;10012501;FAUX;CA_TPM
5841077;23012501;1618542.2450288;1634425.29;0.011470000000000001;2025-12-01;12;4670.36;CMHC;mortgage;9;CAD;6;1;1.0;1.0;23012501;FAUX;CA_SMI
5841176;10012501;13139478.4667746;13215356.41;0.032690000000000004;2026-06-05;12;62776.17;Uninsured;mortgage;9;CAD;12;1;1.0;1.0;10012501;FAUX;CA_TPM
5841192;10012501;765906.37426;781000.0;0.03084;2026-10-01;12;1994.39;Uninsured;mortgage;9;CAD;16;1;1.0;1.0;10012501;FAUX;CA_TPM
5841200;10062504;2001858.3586257;2039390.55;0.02939;2027-01-01;12;10624.74;Uninsured;mortgage;9;CAD;19;1;1.0;1.0;10062504;FAUX;EXCLUDED
5841242;FU031ZA;2148943.1423046;2184883.19;0.029849999999999998;2027-04-01;12;11339.43;Uninsured;mortgage;9;CAD;22;1;1.0;1.0;FU031ZA;FAUX;EXCLUDED
7547334;10242501;365311.622204;436749.72;0.0366;2026-02-15;12;2135.54;Uninsured;mortgage;9;USD;8;1;1.374950000001;1.3645;10242501;FAUX;EXCLUDED
7547359;10012504;355314.3500128;369463.29;0.028999999999999998;2026-10-10;12;1673.24;Uninsured;mortgage;9;USD;16;1;1.374950000001;1.3645;10012504;FAUX;CA_TPM
7600620;52012501;96939.1548915;91658.65;0.0725;2033-03-01;12;1285.82;Uninsured;mortgage;9;USD;93;1;1.374950000001;1.3645;52012501;FAUX;US_IAA
8010647;10012501;281688.6013543;278152.74;0.07;2025-09-10;12;2559.62;Uninsured;mortgage;9;CAD;3;1;1.0;1.0;10012501;FAUX;CA_TPM
1317312;10012503;17475702.8297287;16999899.94;0.050949999999999995;2026-12-10;12;113692.27;CMHC;mortgage;9;CAD;18;1;1.0;1.0;10012503;FAUX;CA_TPM
1342021;10012503;7879985.0949476;7908922.25;0.0375;2032-08-15;12;37861.86;CMHC;mortgage;9;CAD;86;1;1.0;1.0;10012503;FAUX;CA_TPM
1426071;10112501;5723862.609359;5760780.73;0.01103;2025-10-01;12;18621.69;CMHC;mortgage;9;CAD;4;1;1.0;1.0;10112501;FAUX;CA_TPM
1426329;FU031ZA;600597.9530447;591010.45;0.047259999999999996;2027-09-01;12;3566.47;Uninsured;mortgage;9;CAD;27;1;1.0;1.0;FU031ZA;FAUX;EXCLUDED
1565613;10012503;1241344.5142647;1172484.66;0.050199999999999995;2037-12-15;12;8368.65;CMHC;mortgage;9;CAD;150;1;1.0;1.0;10012503;FAUX;CA_TPM
1645571;10012503;1192178.6026839;1163896.2;0.085;2025-11-15;12;9414.79;CMHC;mortgage;9;CAD;5;1;1.0;1.0;10012503;FAUX;CA_TPM
33152;10052504;511340.8165448;498799.56;0.05069;2028-04-15;12;2689.09;Uninsured;mortgage;9;CAD;34;1;1.0;1.0;10052504;FAUX;CA_PAR_NL
33152;10072504;511340.8165448;498799.56;0.05069;2028-04-15;12;2689.09;Uninsured;mortgage;9;CAD;34;1;1.0;1.0;10072504;FAUX;CA_PAR_IA
33238;10032504;995229.4099878;996393.52;0.04575;2030-04-01;12;5576.5;Uninsured;mortgage;9;CAD;58;1;1.0;1.0;10032504;FAUX;EXCLUDED
5841101;23012501;1778116.3571229;1788638.69;0.02724;2025-12-18;12;8100.8;Uninsured;mortgage;9;CAD;6;1;1.0;1.0;23012501;FAUX;CA_SMI
5870654;10042504;3473583.1461625;3504989.61;0.02717;2026-04-01;12;18349.2;Uninsured;mortgage;9;CAD;10;1;1.0;1.0;10042504;FAUX;EXCLUDED
8005100;10012503;14562397.4458727;13867822.91;0.05061;2034-05-01;12;160958.68;CMHC;mortgage;9;CAD;107;1;1.0;1.0;10012503;FAUX;CA_TPM
8005159;10012503;7146385.9932467;7096996.97;0.04;2026-01-01;12;71259.45;CMHC;mortgage;9;CAD;7;1;1.0;1.0;10012503;FAUX;CA_TPM
8007825;10012503;522153.3409285;500453.94;0.05035;2028-10-10;12;6800.84;CMHC;mortgage;9;CAD;40;1;1.0;1.0;10012503;FAUX;CA_TPM
8011025;10012501;291116.0199837;292848.06;0.026000000000000002;2025-12-10;12;1912.7;Uninsured;mortgage;9;CAD;6;1;1.0;1.0;10012501;FAUX;CA_TPM
1375922;21012501;1418236.33;1417162.18;0.018260000000000002;2025-07-15;12;8958.73;CMHC;mortgage;9;CAD;1;1;1.0;1.0;21012501;FAUX;EXCLUDED
1621036;10062504;372865.531744;378400.0;0.02997;2027-01-05;12;939.21;Uninsured;mortgage;9;CAD;19;1;1.0;1.0;10062504;FAUX;EXCLUDED
1649664;FU031ZA;773256.031611;788186.86;0.03138;2027-01-01;12;4184.85;Uninsured;mortgage;9;CAD;19;1;1.0;1.0;FU031ZA;FAUX;EXCLUDED
32826;10072504;467184.1446947;497708.99;0.05727;2030-03-01;12;3118.35;Uninsured;mortgage;9;CAD;57;1;1.0;1.0;10072504;FAUX;CA_PAR_IA
5832308;10012503;63775.3536475;62652.26;0.071;2026-01-01;12;9160.55;CMHC;mortgage;9;CAD;7;1;1.0;1.0;10012503;FAUX;CA_TPM
5834544;10012503;7945955.6432995;7469709.24;0.0625;2028-01-01;12;117722.91;CMHC;mortgage;9;CAD;31;1;1.0;1.0;10012503;FAUX;CA_TPM
5838529;10062504;3247708.937736;3163579.79;0.05541;2026-07-01;12;40439.6;CMHC;mortgage;9;CAD;13;1;1.0;1.0;10062504;FAUX;EXCLUDED
5839485;10012502;16501171.2177281;16439401.73;0.054000000000000006;2033-08-01;12;145099.93;Uninsured;mortgage;9;CAD;98;1;1.0;1.0;10012502;FAUX;CA_TPM
5840236;10012501;3424368.6637069;3423148.48;0.0375;2026-03-01;12;23961.99;Uninsured;mortgage;9;CAD;9;1;1.0;1.0;10012501;FAUX;CA_TPM
5840616;10112501;3057777.4193974;3069290.18;0.03104;2028-03-01;12;18730.13;CMHC;mortgage;9;CAD;33;1;1.0;1.0;10112501;FAUX;CA_TPM
5870522;10062504;1709760.9425952;1718456.79;0.027200000000000002;2025-10-15;12;9163.86;Uninsured;mortgage;9;CAD;4;1;1.0;1.0;10062504;FAUX;EXCLUDED
5870688;10062504;516606.7539814;528582.67;0.024940000000000004;2026-09-01;12;2669.22;Uninsured;mortgage;9;CAD;15;1;1.0;1.0;10062504;FAUX;EXCLUDED
5870704;FU031ZA;1322777.2476189;1339178.72;0.0281;2026-11-01;12;6930.08;Uninsured;mortgage;9;CAD;17;1;1.0;1.0;FU031ZA;FAUX;EXCLUDED
5870738;10012501;1230387.3025382;1255795.08;0.028300000000000002;2027-01-01;12;5595.02;Uninsured;mortgage;9;CAD;19;1;1.0;1.0;10012501;FAUX;CA_TPM
5870738;10062504;1230387.3025382;1255795.08;0.028300000000000002;2027-01-01;12;5595.02;Uninsured;mortgage;9;CAD;19;1;1.0;1.0;10062504;FAUX;EXCLUDED
7547318;10242501;1385092.798845;1656508.53;0.0366;2026-02-15;12;8055.49;Uninsured;mortgage;9;USD;8;1;1.374950000001;1.3645;10242501;FAUX;EXCLUDED
8005159;10072504;190765.946382;189447.55;0.04;2026-01-01;12;1902.2;CMHC;mortgage;9;CAD;7;1;1.0;1.0;10072504;FAUX;CA_PAR_IA
8007544;10012503;8498412.3515667;8129206.46;0.051239999999999994;2028-06-01;12;103186.79;CMHC;mortgage;9;CAD;36;1;1.0;1.0;10012503;FAUX;CA_TPM
8007817;10012503;466968.1290061;447562.1;0.05035;2028-10-10;12;6082.08;CMHC;mortgage;9;CAD;40;1;1.0;1.0;10012503;FAUX;CA_TPM
8010456;10012503;14168657.5257544;13561179.33;0.04591;2034-04-01;12;77748.49;CMHC;mortgage;9;CAD;106;1;1.0;1.0;10012503;FAUX;CA_TPM
8011595;10012501;3995277.4458868;3734651.52;0.06701;2028-10-01;12;29329.81;Uninsured;mortgage;9;CAD;40;1;1.0;1.0;10012501;FAUX;CA_TPM
1303098;10012503;12202815.2480405;12154547.58;0.040369999999999996;2034-11-16;12;59091.92;CMHC;mortgage;9;CAD;113;1;1.0;1.0;10012503;FAUX;CA_TPM
1375922;19012501;549230.93;548814.95;0.018260000000000002;2025-07-15;12;3469.39;CMHC;mortgage;9;CAD;1;1;1.0;1.0;19012501;FAUX;EXCLUDED
1375922;23012501;473559.12;473200.46;0.018260000000000002;2025-07-15;12;2991.38;CMHC;mortgage;9;CAD;1;1;1.0;1.0;23012501;FAUX;CA_SMI
1426030;10112501;1997037.1993777;2009917.81;0.01103;2025-10-01;12;6497.05;CMHC;mortgage;9;CAD;4;1;1.0;1.0;10112501;FAUX;CA_TPM
1426139;10012501;3440675.4496232;3450120.94;0.03711;2026-05-01;12;17232.98;Uninsured;mortgage;9;CAD;11;1;1.0;1.0;10012501;FAUX;CA_TPM
1563907;10012503;449634.5108989;425524.2;0.052000000000000005;2037-06-15;12;3946.74;CMHC;mortgage;9;CAD;144;1;1.0;1.0;10012503;FAUX;CA_TPM
1564616;10052504;637527.2037767;607082.81;0.0508;2037-09-15;12;5539.47;CMHC;mortgage;9;CAD;147;1;1.0;1.0;10052504;FAUX;CA_PAR_NL
1589449;23012501;1125562.5631256;1112192.95;0.0625;2025-09-01;12;11816.13;CMHC;mortgage;9;CAD;3;1;1.0;1.0;23012501;FAUX;CA_SMI
1621135;10012501;54629.1357904;55440.0;0.02997;2027-01-05;12;137.6;Uninsured;mortgage;9;CAD;19;1;1.0;1.0;10012501;FAUX;CA_TPM
1649508;23012501;764691.901162;771610.06;0.01279;2025-12-01;12;2253.2;CMHC;mortgage;9;CAD;6;1;1.0;1.0;23012501;FAUX;CA_SMI
5870761;FU031ZA;1192050.2614405;1221475.48;0.026619999999999998;2027-02-01;12;5325.75;Uninsured;mortgage;9;CAD;20;1;1.0;1.0;FU031ZA;FAUX;EXCLUDED
7547060;10242501;3202208.0276214;3254981.49;0.028999999999999998;2026-01-15;12;17515.61;Uninsured;mortgage;9;USD;7;1;1.374950000001;1.3645;10242501;FAUX;EXCLUDED
7547326;10012504;10340066.5156664;10496876.06;0.0311;2026-01-15;12;57594.29;Uninsured;mortgage;9;USD;7;1;1.374950000001;1.3645;10012504;FAUX;CA_TPM
8007387;10112501;2354588.7117678;2306720.5;0.04769999999999999;2026-12-01;12;16795.36;CMHC;mortgage;9;CAD;18;1;1.0;1.0;10112501;FAUX;CA_TPM
8007585;10012503;4635286.856645;4476163.09;0.049139999999999996;2028-06-10;12;38077.12;CMHC;mortgage;9;CAD;36;1;1.0;1.0;10012503;FAUX;CA_TPM
1367440;10012501;1003799.1149794;994552.74;0.0458;2030-03-01;12;6361.0;Uninsured;mortgage;9;CAD;57;1;1.0;1.0;10012501;FAUX;CA_TPM
1414937;10062504;5613996.0408571;5655725.33;0.024399999999999998;2026-06-16;12;22654.64;CMHC;mortgage;9;CAD;12;1;1.0;1.0;10062504;FAUX;EXCLUDED
1414937;23012501;1835083.3926361;1848723.72;0.024399999999999998;2026-06-16;12;7405.27;CMHC;mortgage;9;CAD;12;1;1.0;1.0;23012501;FAUX;CA_SMI
1426089;21012501;3300428.6811768;3330019.67;0.012929999999999999;2025-12-01;12;9746.35;CMHC;mortgage;9;CAD;6;1;1.0;1.0;21012501;FAUX;EXCLUDED
1426170;FU031ZA;745385.5021846;760859.93;0.0258;2027-01-01;12;3829.03;Uninsured;mortgage;9;CAD;19;1;1.0;1.0;FU031ZA;FAUX;EXCLUDED
1552454;10012503;146579.8522733;147230.24;0.01628;2025-12-20;12;24654.64;CMHC;mortgage;9;CAD;6;1;1.0;1.0;10012503;FAUX;CA_TPM
1621135;FU031ZA;81943.7086856;83160.0;0.02997;2027-01-05;12;206.41;Uninsured;mortgage;9;CAD;19;1;1.0;1.0;FU031ZA;FAUX;EXCLUDED
1649656;21012501;996074.6180142;989467.98;0.05091999999999999;2026-01-01;12;6287.79;Uninsured;mortgage;9;CAD;7;1;1.0;1.0;21012501;FAUX;EXCLUDED
33238;10062504;5497366.6126002;5503796.85;0.04575;2030-04-01;12;30803.02;Uninsured;mortgage;9;CAD;58;1;1.0;1.0;10062504;FAUX;EXCLUDED
33238;10072504;995229.4099878;996393.52;0.04575;2030-04-01;12;5576.5;Uninsured;mortgage;9;CAD;58;1;1.0;1.0;10072504;FAUX;CA_PAR_IA
5832068;10012503;1097564.5134998;1111172.02;0.01341;2026-02-15;12;3956.86;CMHC;mortgage;9;CAD;8;1;1.0;1.0;10012503;FAUX;CA_TPM
5833892;10062504;1440582.6293094;1428662.52;0.03698;2030-02-15;12;6798.61;CMHC;mortgage;9;CAD;56;1;1.0;1.0;10062504;FAUX;EXCLUDED
5834916;10012501;126164.2797174;127538.55;0.027160000000000004;2026-06-01;12;1125.23;Uninsured;mortgage;9;CAD;12;1;1.0;1.0;10012501;FAUX;CA_TPM
5840111;10012501;2072588.1448698;2081214.12;0.02528;2025-10-15;12;13522.97;Uninsured;mortgage;9;CAD;4;1;1.0;1.0;10012501;FAUX;CA_TPM
5840723;10062504;1363353.3706624;1283629.37;0.06785000000000001;2028-10-15;12;10141.65;Uninsured;mortgage;9;CAD;40;1;1.0;1.0;10062504;FAUX;EXCLUDED
5840939;FU031ZA;2110319.3549652;2095785.17;0.05075;2026-02-01;12;12362.11;Uninsured;mortgage;9;CAD;8;1;1.0;1.0;FU031ZA;FAUX;EXCLUDED
5841093;10042504;4445578.9206188;4479445.63;0.02632;2025-12-18;12;20079.38;Uninsured;mortgage;9;CAD;6;1;1.0;1.0;10042504;FAUX;EXCLUDED
7547045;10012504;2693521.8858888;2714940.99;0.042699999999999995;2026-01-15;12;16538.96;Uninsured;mortgage;9;USD;7;1;1.374950000001;1.3645;10012504;FAUX;CA_TPM
7547367;10242501;8139276.1098154;8419837.37;0.029900000000000003;2026-10-10;12;44526.99;Uninsured;mortgage;9;USD;16;1;1.374950000001;1.3645;10242501;FAUX;EXCLUDED
1273788;19012501;1776982.53713;1773348.02;0.0334;2025-10-08;12;8023.32;CMHC;mortgage;9;CAD;4;1;1.0;1.0;19012501;FAUX;EXCLUDED
1289347;10012503;7269620.5860046;6977605.04;0.047560000000000005;2028-08-08;12;37103.92;CMHC;mortgage;9;CAD;38;1;1.0;1.0;10012503;FAUX;CA_TPM
1290253;10012503;7827774.8414295;7407618.75;0.04869;2038-09-16;12;39559.09;CMHC;mortgage;9;CAD;159;1;1.0;1.0;10012503;FAUX;CA_TPM
1369867;10012503;2672350.1983377;2634588.11;0.0575;2025-11-01;12;21859.72;CMHC;mortgage;9;CAD;5;1;1.0;1.0;10012503;FAUX;CA_TPM
1400530;10062504;4349420.395215;4330119.71;0.034820000000000004;2028-12-01;12;22500.35;CMHC;mortgage;9;CAD;42;1;1.0;1.0;10062504;FAUX;EXCLUDED
1414820;10012503;29298887.5074992;29279594.09;0.03107;2026-01-08;12;128596.14;CMHC;mortgage;9;CAD;7;1;1.0;1.0;10012503;FAUX;CA_TPM
1426048;10112501;7688514.0651062;7738103.84;0.01103;2025-10-01;12;25013.38;CMHC;mortgage;9;CAD;4;1;1.0;1.0;10112501;FAUX;CA_TPM
1426063;10112501;1852344.3248356;1864291.69;0.01103;2025-10-01;12;6026.31;CMHC;mortgage;9;CAD;4;1;1.0;1.0;10112501;FAUX;CA_TPM
1426139;10032504;1604792.6269709;1609198.17;0.03711;2026-05-01;12;8037.77;Uninsured;mortgage;9;CAD;11;1;1.0;1.0;10032504;FAUX;EXCLUDED
1426220;FU031ZA;2256545.1368;2280000.0;0.041429999999999995;2029-06-01;12;7804.61;Uninsured;mortgage;9;CAD;48;1;1.0;1.0;FU031ZA;FAUX;EXCLUDED
1555226;10012503;1613630.0406848;1577235.46;0.05251;2026-07-01;12;25245.53;CMHC;mortgage;9;CAD;13;1;1.0;1.0;10012503;FAUX;CA_TPM
1572122;10012503;2459408.9065047;2274215.11;0.057;2034-04-01;12;19755.29;CMHC;mortgage;9;CAD;106;1;1.0;1.0;10012503;FAUX;CA_TPM
1587542;10012503;424896.9588143;403786.39;0.04884;2031-12-05;12;4169.68;CMHC;mortgage;9;CAD;78;1;1.0;1.0;10012503;FAUX;CA_TPM
1649425;10062504;1200725.4926662;1182724.37;0.0625;2025-12-01;12;7193.55;Uninsured;mortgage;9;CAD;6;1;1.0;1.0;10062504;FAUX;EXCLUDED
1649532;21012501;4305115.2025717;4376772.79;0.0147;2026-06-01;12;20326.09;CMHC;mortgage;9;CAD;12;1;1.0;1.0;21012501;FAUX;EXCLUDED
33152;10012501;2412311.6579641;2353146.78;0.05069;2028-04-15;12;12686.09;Uninsured;mortgage;9;CAD;34;1;1.0;1.0;10012501;FAUX;CA_TPM
33152;10042504;511340.8165448;498799.56;0.05069;2028-04-15;12;2689.09;Uninsured;mortgage;9;CAD;34;1;1.0;1.0;10042504;FAUX;EXCLUDED
33445;10042504;487284.435;500000.0;0.06249;2030-05-01;12;2570.49;Uninsured;mortgage;9;CAD;59;1;1.0;1.0;10042504;FAUX;EXCLUDED
5834817;10062504;1595522.2885367;1580862.16;0.03697;2027-09-16;12;7386.33;CMHC;mortgage;9;CAD;27;1;1.0;1.0;10062504;FAUX;EXCLUDED
5841168;10042504;2841124.6372185;2865002.66;0.028929999999999997;2026-05-01;12;15202.6;Uninsured;mortgage;9;CAD;11;1;1.0;1.0;10042504;FAUX;EXCLUDED
5841192;FU031ZA;167204.91093;170500.0;0.03084;2026-10-01;12;435.4;Uninsured;mortgage;9;CAD;16;1;1.0;1.0;FU031ZA;FAUX;EXCLUDED
5870787;FU031ZA;1765488.9430003;1801648.62;0.035;2027-05-01;12;8594.62;Uninsured;mortgage;9;CAD;23;1;1.0;1.0;FU031ZA;FAUX;EXCLUDED
7547334;10012504;1095934.892526;1310249.18;0.0366;2026-02-15;12;6406.61;Uninsured;mortgage;9;USD;8;1;1.374950000001;1.3645;10012504;FAUX;CA_TPM
8011025;10042504;2620044.1997066;2635632.56;0.026000000000000002;2025-12-10;12;17214.26;Uninsured;mortgage;9;CAD;6;1;1.0;1.0;10042504;FAUX;EXCLUDED
8011595;FU031ZA;2556977.5820763;2390176.99;0.06701;2028-10-01;12;18771.08;Uninsured;mortgage;9;CAD;40;1;1.0;1.0;FU031ZA;FAUX;EXCLUDED
